name,sheet
Adrian Dębski,1CYzNgzhuE3l562pCaGXHQ3rMsDihxCiwEsHioOYSQY4
Andrew Tan Jing Bang,1reVKjwZj0RUvBzyOAYvDA-JbXpNxQxxo3lCDc6XNKII
Antonio Kam Ho Tung (甘浩東),1vEB9azmy7un7m0pBBaQrJmjDbL6FS0gZMT20aTIuu5o
Benjamin Paul,1yeyBUynC4uFpdwGwnXL7bF1m5bFNiK-W9d-W6MiZg0w
Bernhard Brodowsky,1De8iFOYe-M104gVDgtZ7kpQ_2Juq5SKC_xIsTI41SM0
Bertie Longden,1ON_9LnO84r8kqxXyhNsXtcKuqnHfppOD2c3c9Dce_bM
Cale Schoon,1nsLuo7vG4rNc2rbGGbKMLNw_hI3iAUosKiOdyUmvoWA
Carter Kucala,1Wm7zlhpB_PP-HO5SNGbipry9TLM-jKgEh3_fkdRZHeo
Christopher Morris,1EAR485eBZ55gQCMnHcGQSgXUokYgFhswdxqSBJTwBoc
Daniel Lin,1yHyLJDvVbuEsoHONefUq7jAAFta9qM9wydwfSrJOZWQ
Daniel Wallin,1Z2BbXaj3qHnWSbVZ2ERKADybjz6MJpMkQKzTmh8vtC8
Daniel White,1q3z9dEtl6sem1ZXGJue_w_0BHf-obhY8bg2Oo_oNbq8
Diego Meneghetti,1hXi9B9lCubA9Ur_31VmYleiLUnWuUUIWf4aTPQkj0bg
Dylan Wang,1rCpr-RVZVHq4S3ctRvuCfl37uy8A27okymzt5yqMPvk
Elliott Kobelansky,1txRjB-fAWWSM-1e1w-eJbDp9xhu0ZDwLWQdswNZhcew
Ethan Pan,135EvI4Ttl0t2u7ow70DTeRE1M27KZAZTcbJazhWzo7g
Graham Siggins,1-AnKGJMHN3SAOcZxem3XJ5tBm7Dk1dTRcZ7KcXYbGP4
Grzegorz Jałocha,17OF4aupkuwaAVQcRtwsREgqY2VPv-hjOxPuL4S6Y6D8
Grzegorz Jałocha,1mkT-9vlN2H6jqzOYlUpAwj1S_mumnABOgVUkLTyoufk
Grzegorz Pacewicz,1rnyEbUmmD18tKdFnYChF2LBSyykfOrfX9CGiJOb-LZM
Hana Davila,1cxDkN_alUauupmFIKjQdD4ORleOnuWhSf2OhMPBzCxs
Heejun Kim (김희준),1L5Y2ruWQC86ISFj5Z4ehH6_6taSY47NYffEvuSh-xJE
Ishaan Agrawal,1_jbYWfHAPnuICeSD2HtkJSHHbYHspilRsb097Fo08WA
Israel Fraga da Silva,18U2MMx09QT3O7iBp77yxDDBEo5XMBrt79zW0K4Hw23E
Jack Cai,1jBX99yDLKUHbO_MvQ44IvKG921Yy1J4TcJxQ4rJkTRU
Jack Cai,1yl5Xwn2aDpXyHA0Rx1OUrDzec8nbg18wxis3I4uDoIw
Kai Yamamoto (山本快),1cFhbopk7TpBjGtDaI9G-L8eO9eR5AWrTvSx0oFuU_iE
Keiichiro Taira (平佳一郎),11RWYB2wEmHxpSoWAB4CjKOK9YjGSD0CZkn4Fx_coD7c
Keita Hayakawa (早川慶太),1gHWC8FRBbi3K46R4rWRKMPVT8cv5N_Fz4qlHM5cpuPo
Kevin Matthews,1Ml7Jl5Yeb9HeE14xO7j1Nc99sw08oiBjLbi_nYJk9rU
Leonardo Ezequiel Cruz,1GI118_bS_jgr-HXUERAlFIHFzg30F7uQxG2fvJ0rBss
Marcell Endrey,11p37_js6wB0LmzPEQvKG9XqBrH8IC_piFdbejmvUH-c
Mark Rivers,1vrvZmSdph7shZ51gMt5qTwtdcjkVAL8fWEUFAyK3HbI
Martin Vædele Egdal,1STvTg1sSYLC7_OcqtB2Tv06xQbdi7PlS-lRnVCn2i6Q
Masato Fujiwara (藤原正人),1mHlpvaKb9Emi1ach6vsMcQwBY4mNSJ0ncn5fnVOzojE
Max Hilliard,17tOvgBBT-WAhvct7nsTyKLI1DSywWwfD8hR2y5aQayg
Neel Gore,1qBDz2TFmoh5YYyg0tB1GDsZsiIRNRhT7QH6d6jVvtUI
Oleg Gritsenko,1-eWzUwiolba5IUf5fg3IYZG4DXKKFJZmD2lqsXmYrX8
Oleg Gritsenko,1hwmqw6ry2tEAVcXrUbMDevr6doBzkQmcZrxG8DA7BPQ
Oleg Gritsenko,1mtgwTouNmIGZr9bJIPx8E7LBSmvQ6oLuOxbqTlBg0ac
Oliver Fritz,19BTxDEpkJSQeyWZ58PVcCKjVG8wcP8oJZcnYSnYGyeY
Oliver Frost,15e0ts12QHKHb9Or6BvO6hlXfns2hJgZoXCGpsIR0YGc
Oliver Frost,1t27cXMVJoyOE2CNvT8Tt9V5k2XWTLSz4jhT1QL0xfx4
Rob Holt,1awrL4JJogL_f6R3SqbneCw4LVyNhMy5JRWJUTAzCS7I
Roman Strakhov,19OfVecQfJtl_KI2vDFBP-mOCSiowUizXzoKwl3wlmD4
Ryan Eckersley,1Cyte0-4R60uNWLTbhS3njEyHSfqCbAMkhN5PCJvFEg8
Ryota Futagami (二神亮太),14UoHfDAcd7MEIUyX2_lr3TD6-naaQ00pkB_t1SNVseA
Sebastiano Tronto,17sL1RuiYijTMiQkBn_d5xthdgAoxGE8oaH-Po-PZ58s
Shinji Mochizuki (望月真司),1qlEqT_FiIzjKvsKMGJJPPAc5CGZx5FzKK6bm-ezZ6g4
Shuto Ueno (上野柊斗),1PKjY5LGXdsNeuu_PE4dHAVqt3Q2h4vwTZh-R464D5q4
Stanley Chapel,1kT9Pua3nlvTayguES2HYFi1Fgb-AQrLF1k9hZNjEU_8
Tim Wong,1WRi3IzWiuWcEfFQm0S7D8A-gknfGtjZmHGWO911t8bA
Timo Norrkniivilä,1xR2RKxXqxpYKyqbG1Y63EpIOPlNKn1yT2QI5IWMgdYE
Timothy Loh,1OZcZsXqHRtyCXlUzMM1a8eBzqqIoOu8k6q5JRz2zNKU
Tom Nelson,1v5rXOH7MUxtuTEzxX6MJYe1XJMhJpZttwGpeg3nuIZo
Tommy Cherry,1rchVPtie0Reuyd6rILG44IztwpK2gfwcytxAcW6BdNk
Vishwanath Jeyaraman,1LZbseUi4G_4sXk0WfyGmNIfg2Tb41xyChQj3PVtUcHE
Yiwei Liu (刘伊玮),1qfJQaEtGndBZ6Et2BafdKUnGALSlcNbSWUvoKPaTVpQ
